michaelliu62	michaelliu62@uchicago.edu	Michael	Liu	555-194-6220
hriordan	hriordan@uchicago.edu	Henry	Riordan	555-814-1725
aranarochel	aranarochel@uchicago.edu	Jaime	Arana-Rochel	555-389-2639
chloeam	chloeam@uchicago.edu	Chloe	Atchue-Mamlet	555-743-7787
sayvazov	sayvazov@uchicago.edu	Aleksandr	Ayvazov	555-404-7837
sbadia	sbadia@uchicago.edu	Stephen	Badia	555-974-6653
smbailey1	smbailey1@uchicago.edu	Samuel	Bailey	555-847-8132
marikaelon	marikaelon@uchicago.edu	Marika	Brownlee	555-240-8547
rcarrillo	rcarrillo@uchicago.edu	Rebeca	Carrillo	555-555-6936
tchamberlain	tchamberlain@uchicago.edu	Taylor	Chamberlain	555-985-1526
chenchaofan	chenchaofan@uchicago.edu	Chaofan	Chen	555-505-4072
chenssam	chenssam@uchicago.edu	Samantha	Chen	555-138-1589
xcheng14	xcheng14@uchicago.edu	Xiaolun	Cheng	555-511-4555
sashac	sashac@uchicago.edu	Sasha	Chhabra	555-537-7271
saclaxton	saclaxton@uchicago.edu	Spencer	Claxton	555-884-2029
clementi	clementi@uchicago.edu	Jacob	Clementi	555-303-3696
bcohn91	bcohn91@uchicago.edu	Bradley	Cohn	555-656-6761
pscollins	pscollins@uchicago.edu	Patrick	Collins	555-796-7704
kscuddy	kscuddy@uchicago.edu	Kevin	Cuddy	555-292-8945
gadeweever	gadeweever@uchicago.edu	Gamal	DeWeever	555-720-1570
mjdirks	mjdirks@uchicago.edu	Matthew	Dirks	555-972-7560
duncanp	duncanp@uchicago.edu	Paul	Duncan	555-429-4704
ddziubinski	ddziubinski@uchicago.edu	Daniel	Dziubinski	555-876-5446
yutoezure	yutoezure@uchicago.edu	Yuto	Ezure	555-504-3974
jbfaughnan	jbfaughnan@uchicago.edu	John	Faughnan	555-319-3876
jfeng13	jfeng13@uchicago.edu	Jonathan	Feng	555-840-6776
peterdfinn	peterdfinn@uchicago.edu	Peter	Finn	555-403-9137
mfry	mfry@uchicago.edu	Maeghan	Fry	555-345-9440
kghandhi	kghandhi@uchicago.edu	Kira	Ghandhi	555-292-6841
tianshan	tianshan@uchicago.edu	TianShan	Gong	555-781-6601
sgriesemer	sgriesemer@uchicago.edu	Sean	Griesemer	555-476-2077
ghe1	ghe1@uchicago.edu	George	He	555-225-3217
samuelhopkins	samuelhopkins@uchicago.edu	Samuel	Hopkins	555-527-4523
allisonhwang	allisonhwang@uchicago.edu	Allison	Hwang	555-475-3940
jjin082693	jjin082693@uchicago.edu	Jonathan	Jin	555-820-7074
rexjohnson	rexjohnson@uchicago.edu	Rex	Johnson	555-453-6333
dcjohnston	dcjohnston@uchicago.edu	Derek	Johnston	555-937-2824
karabinus	karabinus@uchicago.edu	Edward	Karabinus	555-850-1551
kealhofer	kealhofer@uchicago.edu	Marc	Kealhofer	555-463-5035
josephkim	josephkim@uchicago.edu	Joseph	Kim	555-838-1595
jonlancaster	jonlancaster@uchicago.edu	Jon	Lancaster	555-301-6719
wtlee	wtlee@uchicago.edu	Wesley	Lee	555-311-6084
dlorentzen	dlorentzen@uchicago.edu	David	Lorentzen	555-741-7358
gtloria	gtloria@uchicago.edu	Gavriel	Loria	555-899-4122
zeming	zeming@uchicago.edu	Zeming	Lu	555-492-3244
jcma	jcma@uchicago.edu	Jennifer	Ma	555-951-2139
artemis	artemis@uchicago.edu	Anastasia	Mentzelopoulos	555-919-7797
jmihm	jmihm@uchicago.edu	Joseph	Mihm	555-976-5957
mmontequin	mmontequin@uchicago.edu	Matthew	Montequin	555-448-5042
rockydragon6	rockydragon6@uchicago.edu	Daniel	Moran	555-200-8946
almukora	almukora@uchicago.edu	Alice	Mukora	555-612-8386
lmultanen	lmultanen@uchicago.edu	Luke	Multanen	555-195-7191
bobni	bobni@uchicago.edu	Bob	Ni	555-854-9115
alexnichols	alexnichols@uchicago.edu	Alexander	Nichols	555-177-3796
howens	howens@uchicago.edu	Hunter	Owens	555-469-1522
tpearce	tpearce@uchicago.edu	Trevor	Pearce	555-848-3103
peluse	peluse@uchicago.edu	Sarah	Peluse	555-427-9426
crock7	crock7@uchicago.edu	Charles	Rock	555-534-6841
aaschaer	aaschaer@uchicago.edu	Aaron	Schaer	555-544-3995
asecular	asecular@uchicago.edu	Abraham	Secular	555-462-3984
ksercombe	ksercombe@uchicago.edu	Katherine	Sercombe	555-952-3397
antonios	antonios@uchicago.edu	Antonio	Sevilla_Dieguez	555-770-5090
dsheikh	dsheikh@uchicago.edu	Danyal	Sheikh	555-527-8931
manos	manos@uchicago.edu	Emmanuel	Souganidis	555-174-1462
vksrinivasan	vksrinivasan@uchicago.edu	Vyas	Srinivasan	555-756-8268
rsriram	rsriram@uchicago.edu	Rishi	Sriram	555-772-3597
astrandberg	astrandberg@uchicago.edu	Alexander	Strandberg	555-957-4266
sayris	sayris@uchicago.edu	Sayri	Suarez	555-296-6219
ltswanson	ltswanson@uchicago.edu	Leelund	Swanson	555-300-2409
ntakeuchi	ntakeuchi@uchicago.edu	Naoko	Takeuchi	555-150-8448
aunderwood	aunderwood@uchicago.edu	Aleksandr	Underwood	555-767-5886
michu	michu@uchicago.edu	Michael	Unnold	555-151-3795
tvaladez	tvaladez@uchicago.edu	Teresa	Valadez	555-952-5877
gavelasquez	gavelasquez@uchicago.edu	Gustavo	Velasquez	555-495-7092
hwang15	hwang15@uchicago.edu	Hanzhi	Wang	555-958-1120
glenw	glenw@uchicago.edu	Kairui	Wang	555-257-1224
lkwright	lkwright@uchicago.edu	Lauren	Wright	555-509-9980
adamwyeth	adamwyeth@uchicago.edu	Adam	Wyeth	555-321-8321
ablaxall	ablaxall@uchicago.edu	Angus	Blaxall	555-209-9725
dbodow	dbodow@uchicago.edu	David	Bodow	555-105-4353
sbraun	sbraun@uchicago.edu	Shannee	Braun	555-696-4533
scarvill	scarvill@uchicago.edu	Spencer	Carvill	555-109-8488
achen1	achen1@uchicago.edu	Alicia	Chen	555-379-8018
bobchen	bobchen@uchicago.edu	Bob	Chen	555-475-7716
victorchen	victorchen@uchicago.edu	Victor	Chen	555-449-3123
ncholst	ncholst@uchicago.edu	Nicholas	Cholst	555-247-3964
dcompton	dcompton@uchicago.edu	Devon	Compton	555-705-5179
mdcooney	mdcooney@uchicago.edu	Michael	Cooney	555-198-7631
jamdel	jamdel@uchicago.edu	James	DelVesco	555-820-6022
afding	afding@uchicago.edu	Andrew	Ding	555-714-8231
feiy	feiy@uchicago.edu	Yuan	Fei	555-372-2604
mgrossbarth	mgrossbarth@uchicago.edu	Melissa	Grossbarth	555-307-5355
ryhamz	ryhamz@uchicago.edu	Ryan	Hamilton	555-795-6763
andyhammer	andyhammer@uchicago.edu	Andrew	Hammer	555-948-5293
jharriman	jharriman@uchicago.edu	Justyn	Harriman	555-830-9158
lheins	lheins@uchicago.edu	Liam	Heins	555-557-4748
lihightower	lihightower@uchicago.edu	Lairen	Hightower	555-178-4701
hill21	hill21@uchicago.edu	Mary	Hillegass	555-446-4104
houghton	houghton@uchicago.edu	Joseph	Houghton	555-466-1221
ekudrow	ekudrow@uchicago.edu	Ethan	Kudrow	555-506-9028
victorkung	victorkung@uchicago.edu	Victor	Kung	555-753-8606
rlangworthy	rlangworthy@uchicago.edu	Robert	Langworthy	555-287-5513
ydlee	ydlee@uchicago.edu	Younghan	Lee	555-959-3339
hzleung	hzleung@uchicago.edu	Helen	Leung	555-651-6263
angli	angli@uchicago.edu	Ang	Li	555-920-1866
angelali	angelali@uchicago.edu	Angela	Li	555-155-7535
lucaslingle	lucaslingle@uchicago.edu	Lucas	Lingle	555-476-2383
seanlberg	seanlberg@uchicago.edu	Sean	Livelsberger	555-661-3934
jloeber	jloeber@uchicago.edu	John	Loeber	555-765-1115
elliothl11	elliothl11@uchicago.edu	Elliot	Lu	555-156-9934
djlynch	djlynch@uchicago.edu	Dylan	Lynch	555-737-4113
kylemal	kylemal@uchicago.edu	Kyle	Malanowski	555-178-2688
surajm	surajm@uchicago.edu	Suraj	Malladi	555-391-6857
pmannino	pmannino@uchicago.edu	Paul	Mannino	555-694-8348
rmcdowell	rmcdowell@uchicago.edu	Ryan	McDowell	555-922-3672
scomen11	scomen11@uchicago.edu	Scott	Mendelssohn	555-912-9528
jsmiller	jsmiller@uchicago.edu	Joshua	Miller	555-122-5377
uznaidoo	uznaidoo@uchicago.edu	Udipta	Naidoo	555-863-9236
tnaylor	tnaylor@uchicago.edu	Tommie	Naylor	555-968-5855
jnelson15	jnelson15@uchicago.edu	Jeffrey	Nelson	555-892-5894
moconnor6	moconnor6@uchicago.edu	Matthew	O'Connor	555-334-4640
molijnyk	molijnyk@uchicago.edu	Michael	Olijnyk	555-290-9659
ozensoydc	ozensoydc@uchicago.edu	Deniz	Ozensoy	555-210-8438
kpetre	kpetre@uchicago.edu	Konrad	Petre	555-670-5088
kpoling	kpoling@uchicago.edu	Karlan	Poling	555-107-5689
rowlesben	rowlesben@uchicago.edu	Benjamin	Rowles	555-693-1998
ssapra	ssapra@uchicago.edu	Shaan	Sapra	555-200-4940
siegelben	siegelben@uchicago.edu	Benjamin	Siegel	555-880-3971
jstevensstein	jstevensstein@uchicago.edu	Joshua	Stevens-Stein	555-919-8426
rsyed	rsyed@uchicago.edu	Ridwan	Syed	555-971-1181
ataylormays	ataylormays@uchicago.edu	Aaron	TaylorMays	555-163-2874
mtempleton	mtempleton@uchicago.edu	Martha	Templeton	555-755-1481
swtriano	swtriano@uchicago.edu	Stephen	Triano	555-562-6984
wulman	wulman@uchicago.edu	William	Ulman	555-446-9718
umcha2	umcha2@uchicago.edu	Chae_Yun	Um	555-700-1619
nverhaaren	nverhaaren@uchicago.edu	Nathaniel	Verhaaren	555-147-7246
vvora	vvora@uchicago.edu	Vrushank	Vora	555-786-2211
branwall	branwall@uchicago.edu	Brandon	Wallace	555-729-1541
jwalsh7	jwalsh7@uchicago.edu	Joseph	Walsh	555-701-3786
hannahw	hannahw@uchicago.edu	Hannah	Wang	555-114-3114
swreschner	swreschner@uchicago.edu	Samantha	Wreschner	555-786-9044
seunghyun	seunghyun@uchicago.edu	Seung_Hyun	Yang	555-426-1464
syang91	syang91@uchicago.edu	Seung_Yoon	Yang	555-810-1273
acy1	acy1@uchicago.edu	Alejandro	Younger	555-743-8286
colinyu25	colinyu25@uchicago.edu	Colin	Yu	555-130-1202
zhoujason	zhoujason@uchicago.edu	Jason	Zhou	555-203-1542
jzhou31	jzhou31@uchicago.edu	Johannes	Zhou	555-170-5654
bzigterman	bzigterman@uchicago.edu	Benjamin	Zigterman	555-984-6494
fakey	fakey@uchicago.edu	Fakey	McFakelberg	555-838-4940
georgewoskob	georgewoskob@uchicago.edu	George	Woskob	555-136-6643
mkorman	mkorman@uchicago.edu	Milo	Korman	555-419-8596